{"cameraMode":{"drawMode":0,"name":"Shaded","section":"Shading Mode"},"sceneLighting":true,"audioPlay":false,"sceneViewState":{"showFog":true,"showMaterialUpdate":false,"showSkybox":true,"showFlares":true,"showImageEffects":true,"showParticleSystems":true},"in2DMode":false,"pivot":{"x":50.41364288330078,"y":0.9664400219917297,"z":50.11968231201172},"rotation":{"x":0.14158976078033448,"y":0.19406551122665406,"z":-0.028319699689745904,"w":0.9703074097633362},"size":5.7607574462890629,"orthographic":false}