{"cameraMode":{"drawMode":0,"name":"Shaded","section":"Shading Mode"},"sceneLighting":true,"audioPlay":false,"sceneViewState":{"showFog":true,"showMaterialUpdate":false,"showSkybox":true,"showFlares":true,"showImageEffects":true,"showParticleSystems":true},"in2DMode":false,"pivot":{"x":48.64803695678711,"y":0.904294490814209,"z":48.65100860595703},"rotation":{"x":0.003728305222466588,"y":-0.9956314563751221,"z":0.04543275758624077,"w":0.08171967417001724},"size":2.2011163234710695,"orthographic":false}