{"cameraMode":{"drawMode":0,"name":"Shaded","section":"Shading Mode"},"sceneLighting":true,"audioPlay":false,"sceneViewState":{"showFog":true,"showMaterialUpdate":false,"showSkybox":true,"showFlares":true,"showImageEffects":true,"showParticleSystems":true},"in2DMode":false,"pivot":{"x":50.82196807861328,"y":0.8794952630996704,"z":52.879417419433597},"rotation":{"x":-0.2797544300556183,"y":0.7038809657096863,"z":-0.3626992404460907,"w":-0.5429134368896484},"size":4.279311180114746,"orthographic":false}