{"cameraMode":{"drawMode":0,"name":"Shaded","section":"Shading Mode"},"sceneLighting":false,"audioPlay":false,"sceneViewState":{"showFog":true,"showMaterialUpdate":false,"showSkybox":false,"showFlares":true,"showImageEffects":true,"showParticleSystems":true},"in2DMode":false,"pivot":{"x":9.5367431640625e-7,"y":0.00009053200483322144,"z":-0.09190988540649414},"rotation":{"x":-0.3540334403514862,"y":-0.2966178357601166,"z":0.11917766183614731,"w":-0.8789857625961304},"size":14.142499923706055,"orthographic":false}